V1,V2,V3,V4,V5,V6,V7,V8,V9,V10,V11,V12,V13,V14,V15,V16,V17,V18,V19,V20,V21,V22,V23,V24,V25,V26,V27,V28,V29,V30,V31,V32,V33,V34,V35,V36,V37,V38,V39,V40,Target
-4.464606394,-4.679129032,3.10154567,0.506129956,-0.221082839,-2.032510795,-2.910870003,0.050713636,-1.522350813,3.761891834,-5.714718908,0.735892751,0.981250717,1.417883923,-3.375815457,-3.047302626,0.306194351,2.91409709,2.269979427,4.39487582,-2.388299418,0.646387521,-1.190508059,3.132986183,0.665276612,-2.510845872,-0.03674375,0.726217621,-3.982186944,-1.072637809,1.667098144,3.059699863,-1.690440099,2.846295781,2.235197686,6.667485698,0.44380929,-2.369168594,2.950577921,-3.480324481,0
3.365912267,3.653380599,0.909671423,-1.36752838,0.332016094,2.358938289,0.732600076,-4.332134825,0.565694626,-0.101079839,1.914464657,-0.951458252,-1.25525878,-2.70652219,0.193222727,-4.769379017,-2.205319123,0.907715657,0.75689425,-5.833677847,-3.065121539,1.596647457,-1.757310811,1.766443569,-0.26709797,3.62503552,1.500345518,-0.585712415,0.783034459,-0.201217414,0.024883487,-1.795473762,3.032779878,-2.467514062,1.894599345,-2.297779647,-1.731047955,5.908837003,-0.386345305,0.616241649,0
-3.831842672,-5.824444473,0.634030785,-2.418815139,-1.77382686,1.016823995,-2.098940837,-3.17320359,-2.081859759,5.39262094,-0.770673109,1.106718271,1.144260781,0.943300774,-3.163804446,-4.247824637,-4.03890938,3.688534386,3.3111962,1.05900164,-2.143026051,1.650119564,-1.660591923,1.679910371,-0.450781667,-4.550694961,3.738779058,1.134403964,-2.033531399,0.840839062,-1.600395083,-0.257101475,0.803549514,4.086218767,2.292138003,5.36084972,0.351992609,2.940021424,3.839160119,-4.309401883,0
1.618098333,1.888341868,7.046143458,-1.147284817,0.083080196,-1.529779922,0.20730866,-2.493628842,0.344926241,2.11857792,-3.053022871,0.459718832,2.704527393,-0.636085656,-0.453717317,-3.174046159,-3.40434736,-1.281535719,1.582103801,-1.951778372,-3.51655536,-1.206010542,-5.627854418,-1.817653435,2.124142227,5.294642229,4.748136786,-2.308536126,-3.962977094,-6.028729808,4.948769798,-3.584425339,-2.577474262,1.363768844,0.622713513,5.550099914,-1.526795782,0.138853157,3.101430032,-1.277378133,0
-0.111440068,3.872487574,-3.758360707,-2.982896643,3.792714331,0.544959535,0.205432947,4.848993573,-1.854920327,-6.220022871,1.998347032,4.723756642,0.709112926,-1.989432493,-2.632683741,4.184447277,2.245356303,3.734452372,-6.312765941,-5.379918235,-0.886667328,2.061693736,9.445586089,4.489975967,-3.945143994,4.582065097,-8.780421667,-3.382967129,5.106506811,6.787512799,2.044184135,8.265896402,6.629212852,-10.06868884,1.222986536,-3.229763126,1.68690871,-2.163895541,-3.644621649,6.510338014,0
0.159622801,-4.233781458,-0.264310199,-5.477118711,-0.190854112,-0.356273554,-0.134486143,4.066607844,-3.858569134,1.692441446,0.137900556,3.974718578,0.672853376,1.878144157,0.764158218,4.235912756,-2.129272327,2.348464796,-2.14745391,-0.982376014,0.386345499,1.010636603,3.418654172,0.996017207,0.06057952,-3.0367404,1.78757315,-1.726536518,0.307837403,1.902350213,4.665858049,3.227234673,0.628900433,-1.548859787,1.321978787,5.461345401,1.109410367,-3.869992848,0.273964269,2.805940904,0
-0.184565354,-4.721469645,0.864988318,-3.078694517,-2.226888158,-1.282220053,-0.804717,3.289733259,-1.567970581,0.749904421,0.528830105,3.220563509,2.945183042,1.724073322,-0.92312288,2.53482988,-1.696712784,0.677067991,-0.246087322,2.747677663,-1.165391672,0.24762093,1.160683976,-2.850138979,0.503405383,-3.532215237,1.861242921,-1.465353955,0.873766667,2.418469649,0.939375557,-0.544941249,-0.762920651,0.815557695,1.889372652,3.624347329,1.555740098,-5.432884243,0.678702985,0.464696648,0
1.734839631,1.682945485,-1.26906959,4.600630081,-1.416975073,-2.543915572,0.131648167,-0.1986606,3.094057364,-1.109323817,-1.662363771,0.943805801,3.481044634,0.137054572,-3.472977402,-4.075916764,1.72657091,-1.908617993,3.56924897,2.512190839,-4.578678522,3.062673915,3.686148808,0.610743448,-0.429539169,0.880125837,-0.993851216,1.134221491,-3.767917463,-0.692235745,-5.244396144,1.717473563,-3.83893054,1.569447561,1.794899454,-4.268516996,-0.516195031,-0.619218493,-0.830888557,-4.967265919,1
1.78158331,1.314663883,4.248689596,-0.518293164,-0.149044439,0.033082082,-1.087893418,-3.117560615,0.624934695,1.56745483,-0.415121942,-1.400791902,2.607063263,-1.023518933,-2.877902297,-4.52408033,-4.353951503,0.10685868,1.2986014,-3.595653507,-5.409203606,0.633420575,-3.043435616,0.965268066,-0.266331546,4.670862252,1.846716604,-2.320822092,-1.317705326,-0.681722371,3.280787042,1.611014256,2.951390202,-1.862015879,4.389598157,1.371299576,-2.51623488,0.770496072,0.83113216,-2.310953014,0
-0.894139852,4.011498043,5.251901538,3.320747234,0.727067044,-4.771069876,1.031231734,3.632079649,-1.391443624,-1.966745952,-4.77927252,6.616781385,-0.147814792,-2.513234461,0.734111177,0.474709704,5.085253777,-2.360997831,4.561398211,2.287065293,-2.307023811,-0.948689982,-0.300905571,2.546196611,0.73832012,4.266330181,-4.144925546,-0.012559372,-1.469494615,-2.003483771,1.680064388,-0.635742436,-4.449138575,2.296339881,1.575109522,1.376268113,0.596757119,-1.413652275,0.543871226,0.035019848,0
4.97959718,4.350592364,0.355412492,1.390537679,0.036144129,0.796745498,0.420660447,-3.20397029,2.5567968,-1.749265624,-0.50517603,-1.866905631,-1.230004932,-2.36114778,-0.365163247,-6.377698754,1.389368231,0.43567749,0.915183523,-2.824444149,-4.607612901,2.988475731,0.172745063,2.285833354,0.713474425,3.223175149,-0.262358249,0.289194255,-0.930902351,-0.864977054,-1.665898299,-0.775891576,0.21834004,-2.999857806,2.217184316,-4.548454436,-1.581663009,3.33831708,-1.959445973,0.140361828,0
0.075480477,1.717097134,4.9127787,-1.634738797,1.127459339,0.743571975,-0.813609414,-5.207603155,-0.396849159,3.266799324,-2.351485905,-0.77108093,1.048576443,-1.515965348,-2.330261714,-6.252766543,-4.385772281,1.871300829,1.634443284,-4.795387908,-4.381860985,0.666325101,-4.359002453,2.71257071,0.239321918,4.991716582,3.235392282,-1.4620043,-3.40795019,-3.718313052,3.81930529,-0.02516561,1.640509815,-0.390431814,2.146161008,4.473702917,-2.18821186,4.588505698,3.03895926,-2.188969875,0
-3.945258597,2.843926519,5.043838958,4.412531457,2.65751852,-3.621317653,-0.061058024,2.064134161,-4.641974262,3.372209966,-4.526186462,3.951360881,-2.450822576,-1.81075849,0.302412014,0.999530032,0.801765179,-2.208997287,6.830082187,-2.510684054,-1.384798539,-1.257208357,-0.781055432,10.53578909,-2.204613197,5.161963753,-4.993640678,0.662741674,-2.68312759,-0.697632218,6.902750777,10.12619035,1.831226427,2.105159097,5.457839464,2.889221405,-3.233730958,2.5057642,0.733314527,-4.040711615,0
-1.786412285,1.144708468,3.573010629,1.452693535,1.17019557,-0.687758857,-1.303508733,-2.527341142,0.89899946,0.991094527,-3.543915475,-1.647722842,0.808160524,-0.631037169,-2.275783591,-3.732903063,-0.167072236,0.752168505,0.641410256,0.264650489,-2.003186071,-0.69185403,-3.312767896,1.08039534,0.490669084,3.235171306,-0.268418738,-0.425994721,-2.612126043,-2.996043967,1.658018334,0.114091211,-0.333145949,0.355710473,0.201491456,2.606894165,-0.785932969,0.703934079,1.936397023,-1.846067932,0
6.724991401,0.848949113,7.463079071,-5.643366634,-2.385216394,-0.470845735,1.250573497,-2.540043007,0.229855897,1.58556859,-0.672540361,2.402734543,2.902662105,-1.072122343,1.585698826,-4.200857818,-4.847518442,-0.473753219,1.083253468,-3.105261378,-5.652329514,0.598255945,-5.805112491,-5.17188042,4.128562585,3.2131573,9.289129494,-3.314360346,-2.434498017,-5.365091984,4.41103505,-9.528303686,-3.754868387,0.503011605,1.644227183,5.858231116,-0.66431699,-0.262494562,2.589849251,1.831286401,1
-0.237431893,1.340306534,1.892455468,1.097328405,0.341053869,-3.440906683,1.564759032,6.046782389,-4.732692466,0.081356207,-0.974409813,7.508927162,-2.099880629,-1.325190807,2.899753193,4.923421094,2.490826279,-2.363868353,4.642647226,-0.797201899,-0.294946815,-0.088881888,3.129258682,5.817167681,-1.14367999,0.934491099,-3.920925061,0.219439204,0.929950823,2.429115907,3.9149857,5.354150233,-0.283756899,1.101312508,4.288493733,0.599984568,-0.486020997,-1.04739943,-1.421297211,0.572003313,0
2.678984648,-1.207870634,1.962793996,-0.769293032,-2.719386737,-0.630219363,0.432836851,-0.347083429,-0.152516832,2.405499815,3.577054819,0.569223155,4.227635983,0.847997168,-0.826855099,0.593913749,-6.46777536,-3.498006082,3.054089794,-2.227173613,-3.06747203,-0.155728466,-1.562658665,-2.678964119,-0.704669257,1.022354353,4.467670083,-1.932840831,-0.029771912,1.081327195,1.551741865,0.624752399,1.553525387,1.48789281,4.307860095,-0.017040489,-2.313497958,-1.140345573,0.262416054,-3.708408223,1
-2.965549411,2.018194366,4.526974684,1.635197138,2.108133484,-1.369731095,-1.615646347,-1.11165095,-1.098777877,0.652676413,-4.415708215,0.954942664,-0.400862528,-2.016398971,-2.671862942,-3.520335567,1.077453622,1.752235002,1.850965495,-0.845891481,-3.194642022,-0.240875914,-2.049139287,5.115771016,-0.643246991,4.496402914,-3.574214098,-0.603821759,-1.538142128,-0.849972363,3.249806484,3.440689838,1.716092192,-0.860559395,2.772388758,2.886461738,-0.894701053,1.231353884,1.452115022,-1.25471042,0
2.972835983,9.715729927,4.927649325,-2.822428027,3.62348113,1.799905654,0.897492244,-0.459570595,1.329354482,-8.382134562,3.277973495,0.307872925,0.348124634,-5.750864009,0.067927301,1.200733167,0.434548326,0.246404067,-6.653877335,-7.708879699,-1.764383094,-3.392038222,-3.557634743,-3.197753145,-0.921040247,12.48276612,-5.676576692,-6.103380957,8.263216547,2.195832161,5.052246667,-4.271122138,7.586651609,-10.32792287,-0.090644505,-3.347990478,0.161769912,-0.084842084,-2.22344315,9.305424066,0
-3.983955167,-0.488505319,-0.165934752,-0.150856135,2.192456902,-0.690895272,-1.011002971,1.359778285,-3.090797641,1.55643145,-1.857468635,2.724295569,-0.12532306,-0.148406081,-2.396147087,0.781563019,-0.401875405,2.281551404,0.660229143,-1.945958886,-0.555381491,0.799391933,3.113251786,6.40294517,-2.552526938,1.200270905,-3.629013002,-0.243611204,-0.847231051,1.884489563,2.777469247,7.886882144,3.038110972,-1.136326736,2.190520108,2.588072933,-0.343859327,0.899999096,0.699716632,-1.203456638,0
0.413152956,2.982363604,7.483926534,0.281821756,0.961317597,-3.841782724,0.059622704,2.2732183,-2.135717329,0.000470907,-4.421354399,5.184386376,1.38362679,-2.063262624,-0.564301884,-0.67220044,0.553738379,-1.037468528,3.061914546,-1.219192683,-4.680334476,-0.615825256,-1.784864135,3.022923469,0.663313356,6.112096279,-1.586498377,-2.404124735,-1.904494428,-2.021622708,6.352766907,1.715594884,-1.200936755,-0.382337584,4.120179395,4.487503949,-0.937182774,-2.161036738,1.12475387,0.157046994,0
2.684733795,-0.772477169,-0.082368811,1.226260364,-0.882815684,-1.420654242,1.047025774,3.303841,-2.839279314,1.956369579,-0.533362918,1.72325925,-4.171413116,0.237728768,4.341614644,2.128023709,1.801594886,-1.937668452,3.854048146,-0.196700055,0.155016952,1.218037379,1.806286982,5.268601626,0.537456121,-2.684519411,-0.341179623,1.862624867,-0.450951722,1.209648761,2.802097698,4.614048481,-0.751401924,1.097552698,3.994291782,-0.878154361,-1.734007763,-0.262783412,-2.477557757,-0.207955809,1
-7.16389122,-0.998576365,-0.122279106,5.458021635,1.792716812,-2.803558368,-1.887082279,1.558764516,0.263956325,0.071468604,-5.789344666,0.045700917,-0.14249578,0.904913554,-2.910708831,0.039916932,5.267206955,0.587532555,1.360736013,6.520387698,1.878017198,-1.237359447,0.979987629,2.991496018,-0.730983676,-0.921051327,-5.707189387,2.382226361,-2.987833613,-1.279850921,-2.019879931,3.880966814,-2.942203426,3.273531176,-2.099721233,1.563404907,1.370577727,-1.883162715,1.540390605,-3.32046851,0
-7.228468723,-2.077676823,-2.358474175,5.882209675,0.656061588,-1.546143551,-2.769441189,2.226949089,0.0250547,-1.315845117,-2.34158177,-0.396648425,-1.045288171,0.082410006,-3.69212319,0.421061222,5.578216308,1.212568695,1.690516224,6.631828768,1.192066896,-0.55552228,2.412727954,3.855544165,-2.511391318,-2.937184706,-8.830143046,2.659999216,1.658189157,4.969818299,-4.511466286,5.836764874,1.762366415,1.412155542,1.248778041,-2.736078081,1.412205368,-2.053768193,-0.78275692,-3.023805695,0
4.290385427,1.991109758,4.085789913,1.276465503,-1.682535771,-1.517332636,-0.327761311,-2.103647092,3.01359743,-0.656939976,-1.884104156,-0.905073971,2.87172807,-0.932864901,-1.825591419,-5.656401274,-0.519829537,-1.278500635,1.948015831,0.58145473,-6.082167787,1.369556011,-2.553190936,-2.136707454,1.976046722,3.196254665,2.370186401,-1.215326352,-2.494964606,-2.536820256,-0.29958165,-3.22140997,-2.52785494,-0.250406731,2.761410647,-0.649503962,-1.199654541,-1.420482813,0.06476231,-1.807976075,0
-0.654881665,3.147686736,-0.770845374,3.508555795,1.450370252,0.272300736,-0.390896855,-1.705761552,1.645659699,-1.63021174,-1.21337608,-2.122183634,-1.647564456,-1.537595028,-1.103735151,-2.849356546,2.868924377,0.242070617,0.429083587,-0.222264581,-0.616030675,0.469064471,0.268252628,2.880986102,-0.817575369,2.306179414,-3.848968722,1.190566958,-0.115218066,0.042079003,-2.019124368,1.79095421,1.055840433,-1.293585363,0.014695995,-3.727016392,-0.673956293,2.488949433,-1.10237213,-0.814632259,0
-1.452930156,0.537558625,0.451401109,-3.249302794,1.365106749,2.147593369,-1.131748608,-2.894609755,-0.620529742,-0.421758598,-0.37790917,0.813713005,-0.203363523,-1.885087175,-2.639544645,-3.976773548,-0.822756291,4.907808019,-1.926180184,-2.881869804,-2.140377431,1.450191033,-0.154495726,1.874996314,-0.73211405,1.541168908,-0.799833226,-0.995773341,1.052489913,1.086232399,-0.250454699,-1.035774418,3.185977445,-2.910087786,0.194182184,1.87767432,1.015907705,3.369607225,1.432054218,1.942667005,0
-0.575065495,2.739407001,-5.02055635,-4.53713655,2.571645921,2.411811471,0.901963886,0.632203951,-1.614682581,-3.721599864,2.933066912,5.077819916,0.497420978,-2.122009217,-2.491152097,0.552863801,0.155232089,4.962817423,-4.223745237,-5.953678554,-0.577963297,3.238348502,7.836386156,3.213791339,-3.358831837,2.087595034,-4.002949329,-1.561470978,3.263600039,4.47570196,-2.175963227,2.619141743,4.436107665,-6.096155298,-1.091331053,-2.152427944,2.269161314,3.688944486,-0.953536821,4.51842512,0
-0.942994555,-5.069761412,3.042842719,-3.561025499,-2.521348039,-0.781436902,-1.056083782,0.685361311,-1.085247804,1.940578342,-0.932862677,2.302807521,2.283806748,1.292314056,-0.454286685,-0.053506399,-1.818754429,1.374125323,0.452550091,3.790546049,-0.999133544,-0.601573478,-2.867783441,-4.47765284,2.117746103,-3.809239007,4.3138067,-0.882775865,-0.305273392,-0.479419171,0.466879066,-5.549174163,-2.675727074,3.105219207,0.201657289,6.110702056,1.963133289,-3.529488737,2.832064644,0.251738676,0
3.251539286,5.600397038,2.031435817,-0.727008301,1.52299188,2.179610039,1.417188956,-5.740382646,1.151981756,-0.185096222,-1.01970316,-1.268771061,-3.20696512,-3.37932068,1.739451083,-6.544572674,0.259670076,1.278294946,0.73690475,-5.327284926,-1.956473733,1.244608133,-3.45290817,2.146983196,1.416122678,4.647601812,2.149824862,0.524490042,-1.59509742,-4.542193863,-0.012511026,-5.072786892,-0.466269459,-1.203971888,-1.282897286,-0.908945296,-1.278294544,8.111425071,0.780825483,1.553159475,0
-1.108680766,6.9178774,2.605455146,1.203812089,4.194204294,-1.350057946,0.602855779,1.276474445,-0.633163964,-4.415693461,-3.834542222,3.393153745,-2.031828349,-3.765331684,-0.287018103,-0.611606732,5.380897453,1.513677727,-1.493978786,-2.547324004,-1.006569543,-0.376099169,1.296595219,4.62900695,-0.604498409,7.354284281,-6.998221455,-1.143354928,0.597443853,-1.164480444,2.629682162,1.489390262,0.504987626,-4.244268922,-0.895552031,-0.333626011,0.770344128,1.478945452,-0.592762103,4.203375752,0
-2.361554964,4.774217644,1.502930953,-0.621767631,3.026343423,0.326717634,-1.716063705,-1.461963817,1.984722711,-5.24672092,-0.639013632,1.210772849,4.49001159,-3.01329158,-7.141358069,-3.305321886,0.25318121,3.641533733,-4.355274614,-2.953937186,-4.530725784,0.39092173,1.653451696,0.077724786,-2.674135038,8.176944974,-6.273694879,-3.911317923,2.359912707,2.413663216,-0.464825583,1.490194801,5.008046205,-6.855244773,0.425525117,-1.137106955,1.291366927,-0.457917857,0.385944131,2.036127425,0
-4.009182395,2.31109876,1.48948051,3.806111469,2.267050212,-2.705007016,0.567577922,3.193010937,-3.718461659,0.716955497,-3.19265306,4.404227146,-3.538535375,-1.633452553,1.501068507,2.600735045,3.919552925,-1.297181023,4.525867599,-0.034122741,1.38236325,-1.036771531,1.373659694,7.798642533,-1.721741997,1.928746766,-5.95334499,1.787488467,-0.599006959,0.471356619,2.602992982,6.246694818,0.084917555,2.069808008,1.899533361,0.591269209,-0.715643098,2.027125549,-0.132523397,-1.237958663,0
-4.465362642,-4.057487424,-2.935496687,2.295490133,-0.046264612,0.956696154,-1.494783586,2.292976218,-2.500730837,1.424263635,1.438037705,-2.261027016,-4.889189185,0.939982621,1.929662901,4.184336376,2.254020458,0.244679794,0.920216403,3.076011066,4.857400974,-1.769533141,0.077171704,3.563502132,-1.650648489,-5.775712362,-4.461433782,2.749845286,3.988597654,5.47164715,-0.351304911,5.15549075,4.215266944,1.274993444,1.512498528,-1.69649154,-0.070743876,-0.503168189,-1.758295393,-0.420989072,1
0.092428051,0.163224247,-1.136859367,-2.126796646,0.191467486,-1.366516903,-0.029878514,3.64368081,-1.521643072,-2.802608946,-0.641378292,6.345202684,1.667683324,-0.986336544,-2.299844378,0.445210742,2.280395857,2.805048112,-0.745161512,0.033860015,-3.045916266,2.887984195,6.214037686,2.141785186,-1.126655376,0.009842398,-3.518573975,-1.184039867,1.174181255,3.620352191,-1.081346544,2.169103237,0.017732689,-2.828774731,1.931257416,0.083416262,2.282011035,-2.24183023,-0.864002005,2.407288926,0
-1.983705015,-0.683073609,1.363621279,-1.237681556,0.486183524,-1.656659036,-1.343508622,1.272675939,-0.304286981,-1.298691826,-3.367103046,3.842828231,2.748116519,-0.403399393,-3.958789732,-2.103933421,1.652087181,3.30774598,-0.773336097,1.972241256,-3.369959743,1.664607542,2.497510022,0.800058766,-0.082585928,0.727325551,-2.116049142,-1.180435177,-1.279857953,0.454454753,-0.526412189,0.446021929,-1.368965201,-1.118001466,0.619401721,3.149800568,2.144239475,-2.524064469,1.429041391,0.52232494,0
-0.48151981,2.321344946,3.623058785,2.561845239,0.568646181,-1.331440165,-0.645122223,-3.025343477,0.916799711,1.749906846,-2.950672025,-0.480075151,1.806158327,-1.039460246,-2.823659051,-4.959967278,-1.457163826,-0.68440478,3.368982456,-1.300305646,-4.087154078,0.489229111,-2.351625121,2.541229592,-0.25718567,4.475706137,0.350299231,-0.258110242,-3.816565921,-2.988399009,1.052359772,1.692768477,-0.44153889,1.17223437,2.280146387,1.111624436,-2.056032894,2.329336766,1.69504762,-4.280584004,0
-3.158859953,0.938412433,-1.476399276,-1.256750782,2.094581106,1.282261324,-1.764401575,-1.223985928,0.014382927,-2.018742786,-0.164067618,1.00646925,1.73873389,-1.442633035,-5.326885606,-2.611672726,-0.026599265,4.649887919,-2.740008906,-2.106627667,-2.398147377,1.704136965,3.200125635,2.789886538,-2.722989737,2.472705438,-4.558792654,-1.39277073,1.558014035,3.427131565,-1.446549072,3.555759463,4.683227197,-4.397731072,0.757467289,-0.376189799,1.187911043,1.307046847,0.360565276,0.745785295,0
-4.151487842,2.062914967,-4.928140271,11.41063406,1.048109689,-1.308251849,-3.512737269,-1.059021174,4.918215928,-3.758953204,-3.252600538,-5.308623351,-0.551652445,-0.971494173,-7.24450204,-6.449447519,8.009556059,0.883309323,2.328395055,6.180114986,-3.323810449,2.854526107,5.082971641,6.798100526,-3.433025837,0.036423117,-12.14144117,3.903905354,-0.387004377,5.216942761,-9.255114847,9.784488572,2.526794233,-1.771285828,3.313453644,-10.80622575,-0.658146024,-0.195860544,-3.799985417,-6.363350384,0
5.871257015,-0.649770417,8.672477257,-5.777383673,-4.345408753,1.303891828,-0.561135067,-7.140191447,0.99333477,3.443330809,1.631955918,0.79058194,4.689858998,-2.276832127,-2.112845364,-9.709967426,-8.907529421,0.864244413,3.953642228,-4.134759668,-9.787733922,1.517203928,-9.063182172,-5.440806514,2.86460509,3.087103986,10.69347736,-3.492181943,-1.003024552,-2.410446146,1.540212612,-10.83792544,0.49194718,1.333273178,5.785987335,4.891318934,-1.746232706,3.025908903,3.866377067,-1.941151568,0
-4.367228394,3.323076536,2.514707338,3.521577707,1.899761077,-1.416065679,-0.84053524,-0.371097427,-1.443336193,-0.102441985,-0.756706856,2.417094301,0.961695844,-2.587472124,-3.542953979,-0.941540733,-0.338653183,-0.681047083,3.717473587,-2.316978189,-2.439244393,-0.978322223,-0.33758854,5.294926737,-3.517322866,5.69347961,-5.878840586,-0.608379135,0.858350895,2.417577296,1.079679519,5.881707514,4.515126154,-0.172533599,3.901462021,-1.001789414,-1.509641277,2.74072527,0.631337229,-3.395755228,0
0.516877357,3.921083578,9.251557567,7.660808741,-1.885035875,-3.279933355,-2.708995694,-6.297608831,4.389203375,0.766747576,-5.93953484,-2.232719096,3.002481271,-3.65568345,-6.054701576,-13.46735718,0.948010743,-1.736160262,8.78701602,3.08614789,-11.18139661,0.937825512,-7.967600162,1.773112862,1.280878014,6.696533418,-1.124947296,0.381101778,-4.418441757,-3.051163154,-2.496133428,-2.549181977,-1.676455205,3.176718412,7.311056382,-1.416194904,-3.034984004,2.010151081,1.963256205,-8.309461833,0
-1.917525741,-2.333369578,-0.47811645,-2.307827381,0.354196835,0.496695762,-1.225027807,0.994135152,-1.792265127,0.118671524,-0.838844468,1.741948673,-0.75613203,-0.071943697,-1.131115077,-0.155344713,0.793305211,3.563942521,-1.220532916,0.59756324,-0.381829451,1.034354826,1.62809895,1.974955788,-0.384087706,-2.136373575,-1.542368636,-0.132991118,1.157538714,2.450960884,0.366073231,1.351162375,1.559853787,-1.340883182,0.875139162,2.31407353,1.458011605,-0.719460942,0.373329776,1.711062784,0
4.830390038,-0.281203027,9.730987179,-3.139364802,-2.649728561,-2.168861347,-0.897896219,-1.810907725,-0.304789811,2.259963323,-3.232058491,2.593485949,3.195823649,-1.534203003,-1.190332363,-6.472679766,-3.638672127,0.28118696,3.680487407,-0.91727809,-9.056724196,1.203932439,-6.031700986,-1.52325224,3.392009687,3.448336485,5.864738358,-3.154868499,-2.721657662,-2.977519534,5.220021618,-4.95715713,-2.034199461,0.389962498,6.373028289,6.286471846,-1.40682632,-2.236761114,2.318371299,-0.704732854,0
4.841657176,1.750633352,5.685519581,-2.022499628,-1.852853427,-0.540268793,0.316324116,-2.81700325,-0.41710449,1.583703482,-0.982925841,2.551317488,0.734219306,-2.520773867,-0.141467339,-6.463664734,-2.612601656,0.289950274,4.306227841,-3.306452712,-7.283437536,2.33703157,-3.380408662,1.211604399,1.736781458,3.078066478,4.117853279,-1.32629484,-1.620204227,-1.556302404,2.052104803,-3.572316124,-0.561769874,0.07911795,5.406593481,1.889928987,-1.707806308,2.622845372,0.984941342,-0.810377937,0
-3.054477714,-2.924560931,2.484730352,0.313305999,1.703499422,-2.530680511,-1.861136979,3.853403267,-4.174474537,3.061183443,-5.598525575,1.993122522,-2.319720366,1.09661974,-0.163844954,1.462938847,1.929138912,2.151887176,1.255651703,1.358473948,-0.627895485,0.513663499,1.768599851,7.903640698,-0.135499804,-1.183805704,-3.210807283,0.329652756,-2.562661202,0.506036428,6.739064165,9.35390984,0.555881569,-0.456852786,3.814535244,5.831671282,-0.693293553,-3.35793204,0.158542618,-0.427446697,0
5.003278541,-5.402442965,2.374587577,2.466303737,-1.958222866,0.64554552,-4.933701063,-0.86737844,3.019531495,1.609573779,-4.235630391,-12.16815725,-4.379300826,2.2957412,0.249494468,-5.966826636,2.832186944,2.305870295,-2.226247247,5.471798669,-4.070792884,1.765397896,-4.032198604,2.47253825,3.964495556,-5.151453502,-0.267101466,0.905773569,-0.473579353,1.908707302,4.244298515,5.295215873,2.60066897,-4.951542595,6.938148728,-0.957432511,-2.934367747,-8.069080391,-4.506864012,0.269328435,0
-0.182764682,-1.373616309,2.516019556,0.12183582,0.494207819,-3.524304406,0.366568745,5.837622267,-4.872838775,1.690922259,-5.004903224,5.82281,-4.103278346,-0.03277695,3.528232029,2.762055317,4.517804859,0.370780542,3.435469232,1.876321178,-0.254263586,1.0169283,2.610332839,7.154026616,1.220756073,-2.197886701,-2.447207623,1.310898258,-1.889758382,-0.013530378,5.283782947,5.099419259,-3.049724813,1.309012703,3.391107961,4.316773151,0.167386988,-2.591724821,-0.748526775,1.542962367,0
1.178000323,-0.01571741,2.038846503,-0.324694079,0.264109674,-1.824573554,-0.377088928,1.826273364,-1.567830532,0.644668643,-3.157280129,2.64104311,-0.424289951,-0.345261956,-0.323931786,-1.345411649,1.282175007,1.131737532,1.44618685,-0.216795145,-3.203744162,1.946265652,1.84567047,4.136837489,0.526984986,0.634185004,-0.930984798,-0.331387249,-1.983251412,-0.130202852,2.920647946,3.537615574,-0.927180434,-1.078342637,3.266084478,2.158035569,-0.426699905,-1.499870103,-0.394164807,0.171686486,0
-6.196439031,-1.046348467,0.428952866,4.136191851,1.884423925,-3.774548092,-2.387733764,3.242940545,-1.670915087,0.479471257,-5.905659511,3.465314061,1.510238097,0.383058443,-5.279932047,-0.655811238,3.661367873,1.918230508,2.508741432,3.72414304,-2.439579983,1.341838197,4.745531497,7.300790237,-2.412011116,0.639456284,-7.250700838,0.836627787,-3.132726971,1.778729022,0.322748617,9.983798515,-0.194951016,0.546772043,2.996993641,2.114543807,0.515611089,-2.793405381,0.682632233,-3.971971372,0
-0.608126687,0.384708387,5.236103737,-1.801514233,0.335049656,0.160170621,-0.830132965,-3.535367172,-0.277454845,2.104817236,-2.720436531,-0.056678652,0.586219762,-1.194202985,-1.054979846,-4.458997876,-2.150117044,1.669046431,0.98899487,-1.276275059,-2.653062549,-0.583816771,-5.294198689,-0.198504784,1.50311729,2.739115511,3.018643185,-1.088016691,-2.141765124,-3.630641579,2.716778647,-3.771455741,-0.525387643,0.975405973,0.416942639,5.186739101,-0.441034684,2.138289526,3.214170354,-0.459702794,0
-3.813860406,0.680832914,-3.354859651,0.445789149,1.31082294,-0.370435612,-0.205087504,1.870490445,-2.123891221,-1.054980752,1.362119263,4.96526176,1.585960442,-0.999156574,-3.80798847,1.2589605,0.083984329,1.75184148,1.099083371,-1.99926282,-1.04079533,1.872339876,6.414419905,4.897982312,-4.301389071,0.955335853,-5.469808728,-0.074498563,1.537978703,5.1098388,-2.378030829,6.789428789,3.727065392,-1.347222669,2.073902677,-1.992624528,0.782628723,1.904098095,-0.348950339,-1.51308314,0
2.460084191,-0.234090505,1.340508029,-1.909319706,-0.397085436,0.361865024,-0.722322089,-0.204097917,-0.158012586,0.20652961,0.843863217,-0.426170036,1.448053357,-0.165757579,-1.362839465,-1.300715164,-2.622767255,0.842571195,-0.821688595,-2.557292287,-3.407809794,1.235273378,0.267403168,0.638309494,-0.262343654,1.531132944,0.782941245,-2.038053275,0.617786261,1.69624976,2.681905577,2.378561569,2.927537138,-3.233114126,3.607687906,0.347361083,-1.165927151,-1.489199512,-0.86848588,0.426411798,0
0.008993559,6.117031399,-1.037576883,-1.993534496,3.827865198,3.329364535,1.767849881,-0.330541093,-2.788466521,-3.454916283,3.101046711,1.379485085,-6.785902781,-4.585155773,4.057133632,2.27494977,2.465775646,1.892101854,-2.518182861,-7.522246339,3.272450732,-1.157367958,0.136913392,5.037201894,-1.955316824,4.413475513,-5.578382844,-0.321249336,6.491417385,3.134778014,2.469496651,0.417510715,6.748282097,-5.537260268,-0.795217403,-3.500758885,-0.061986001,6.848147503,-2.294880621,7.084964105,0
-2.388404039,0.276896281,1.248389403,0.310604863,-1.013023376,-0.329503716,-0.354483856,-0.448539446,-0.610244176,-0.62075855,1.881306209,3.2604067,2.11967103,-1.750367906,-2.423273675,-0.689577477,-1.193818085,-0.180131916,2.767133148,0.092861531,-1.951968663,-0.536417009,-0.928707687,-0.832715296,-1.756765526,1.118355925,-1.605657407,-0.574871934,2.533947152,3.106119041,-2.59353264,-1.743265634,2.09384461,1.520476564,2.15332014,-0.743501882,0.656288941,1.425386193,1.164307212,-1.676111441,0
-1.336302412,1.510467497,3.514722261,0.714435109,-1.021262465,-1.417807791,2.044319055,0.496990094,-2.393977529,0.886571234,0.145445593,5.111685783,-2.081313277,-2.182074817,3.848395123,1.570958787,1.093071986,-2.89169133,5.558505788,0.728000111,1.599512614,-2.467795687,-4.162145158,-0.735149769,0.857498915,0.297653757,1.051850332,1.349550718,0.914872387,-1.664642165,-0.477326971,-6.484718268,-3.059367011,5.951295588,-0.499934456,1.539295693,0.544043737,3.629055826,2.058139435,-0.243942061,0
-1.905526607,1.915254797,2.041685094,2.487553729,-0.011739163,-4.367546603,1.205913343,2.893770472,-1.997707095,-0.051219728,-4.290849928,8.512717104,1.061759399,-1.451235791,-0.892332894,-0.765396749,3.659344029,-0.956044188,6.004071714,2.191744337,-2.739253654,1.550469753,3.179799206,3.93128748,-0.290544812,1.335472415,-2.419254853,1.296116316,-3.583606499,-1.626826862,-1.62011337,0.645426757,-5.607230542,4.316190801,1.272853313,1.730142169,1.155687886,0.927617314,1.627976907,-2.564720284,0
6.311329547,8.319836154,2.144910761,7.129003191,-0.234659987,-0.386707826,-0.130862134,-6.376912767,6.603838499,-3.647529979,-3.492603355,-4.620299127,-1.439706742,-4.376747269,-2.22627149,-13.15938476,5.200547187,-0.850909914,3.945123714,-0.424021984,-8.43266368,3.932508608,-2.020808283,3.005234411,1.675679707,6.240680281,-2.507694483,1.878984557,-3.090850253,-3.092607645,-5.771404268,-2.885012338,-2.202726405,-2.206663073,3.193415508,-9.056066144,-2.595191905,5.125844607,-2.607737518,-2.825730163,0
-2.238482665,3.255585122,2.643600463,3.721058504,0.473402794,-3.206134754,1.063535695,2.159869066,-0.750781006,-1.948595881,-3.187776321,5.12776685,-1.200749133,-2.350035159,0.980943996,0.313401989,5.382447487,-1.905286373,4.276231912,3.060877671,-0.085722137,-1.163114485,-0.472779634,1.559768737,0.309413424,2.020871758,-4.044492539,1.445865095,-0.439724465,-1.330462174,-1.723327583,-2.494487289,-4.091757053,3.525916116,-0.47580405,-0.374541305,1.245837696,0.860724827,0.728524989,-0.345827107,0
-3.320270495,3.406073657,1.947391801,2.559234585,3.905181235,-3.994273245,-0.456509028,2.510371816,-1.90175177,-0.61364251,-8.644183122,5.707585209,-0.316562218,-1.347270212,-3.063260865,-2.54412836,5.631504094,2.81585302,1.654769864,0.345249132,-3.170342607,2.56541108,5.298571729,9.27805024,-0.749388108,4.399555013,-6.217929555,0.526892884,-5.790008548,-3.003842172,2.489420853,7.537450183,-3.47914299,-1.008327052,0.643680377,3.594181257,0.655113766,0.217147915,1.084066243,-0.75384566,0
-3.800513047,-3.336753414,0.697433445,-0.04207915,-1.788403117,-0.541411666,-0.977446249,-0.692440316,-1.308318933,2.300482363,0.008194121,2.811057095,1.590044177,0.108748073,-2.163538133,-1.26411157,-1.36056337,0.812237444,3.737127511,2.689533003,-0.928493225,0.011076049,-1.136832361,-0.394552945,-0.726852066,-2.929508048,0.882422992,1.006352618,-0.149406171,1.483184981,-3.011349529,-1.793318904,-0.496438428,4.551333872,1.275032475,2.371380802,1.067966477,1.188773203,2.653536118,-3.413184018,0
-0.835226558,0.393963138,1.20471055,-2.274989232,1.055142394,1.914611207,-0.39110786,-4.073666106,-0.153010934,1.960943001,-0.408773427,-1.281120087,0.107893071,-0.585706079,-1.138416707,-3.329425679,-3.023636076,2.285737698,-0.755319095,-3.245195033,-0.670099967,0.190098182,-2.524545557,0.585786149,0.023848329,1.789050233,2.656315161,-0.561845591,-1.429817812,-2.33132306,1.142862954,-1.521545838,1.367526275,-0.318214209,-1.036678338,2.885961135,-0.524929152,4.073336823,2.333098235,-0.325332141,0
-2.467678822,0.99837793,-2.350256389,5.107152803,1.379954488,1.4450771,-2.215139456,-2.902293797,3.008785149,-1.309427014,-1.095711379,-6.716228739,-2.349125972,-0.487635355,-2.430671823,-3.679121525,3.305917499,1.189864112,-0.954141461,2.079920527,0.538778941,-0.033730065,-0.686303808,2.638778809,-1.154001937,0.054356611,-5.173905273,2.106880237,0.725307739,1.589298011,-3.473478841,3.410711242,3.107104408,-1.760451986,-0.119912721,-5.05264786,-0.844943043,1.482411058,-1.669615433,-1.916179037,1
-4.155985995,1.642405328,-2.050931198,5.461801833,0.426496304,1.126464367,-1.759291608,-5.508718598,3.368588207,-0.190698893,-0.435962836,-3.707639415,0.885585797,-1.34107292,-5.288350439,-6.675799121,0.868539566,0.902097289,2.594267092,1.454729741,-1.715603375,0.812600868,-0.920654226,1.765781912,-2.319949664,1.223570777,-3.378087018,2.392957861,-0.978475856,0.711647739,-7.43434612,0.710192046,1.824633216,1.766257717,-0.152221354,-4.786102563,-0.553614669,5.412848534,1.01282533,-5.843892942,0
-0.910373618,0.411788064,-1.382230402,-2.227596399,0.62970575,0.405451872,-0.07954417,-0.052677431,0.09040816,-2.769756806,-2.429777192,3.765941077,-1.038729421,-1.560512919,-1.05178884,-3.046797124,4.639197557,4.794870834,-1.750423995,1.875410794,-0.886484011,2.454856955,2.854507179,0.425458937,0.977035809,-1.603353439,-1.780177442,0.840490568,0.055493208,-0.083794963,-4.171230493,-4.717705115,-2.926572429,-0.89384521,-2.804372303,0.961826734,3.67436129,1.403799862,0.917269524,3.616137875,0
0.440017375,-1.22019414,-6.328443644,-1.976411787,1.005589305,1.970271204,0.152017411,0.87978784,0.317151866,-0.761517957,2.724874223,-1.353473743,0.988201528,2.01048237,-1.266176378,2.398435013,-1.410181999,1.834809928,-4.561352211,-2.251106495,1.95009079,2.055171105,6.319328357,0.581319174,-1.953845612,-1.893636477,-0.471750858,-0.344009429,0.470237843,2.368975414,-1.262037306,5.026524449,2.364147711,-3.691100558,-1.821001052,-2.260943474,0.441336752,-0.556987553,-1.743382801,1.077887478,0
2.337430886,4.600962026,0.354971694,2.815674702,1.839684832,0.376543039,-0.372731425,-3.857836132,2.629096728,-0.578477354,-2.55188994,-3.321041067,-0.414336426,-1.548793955,-2.32422597,-6.57641553,0.822136072,0.808716158,0.3131309,-3.209850995,-4.051341182,2.530743178,0.556233384,4.424952142,-0.281464911,4.962813759,-1.462210997,0.245348444,-3.318781226,-2.46770034,-0.13971528,3.422922438,0.745933933,-3.138068043,1.385473624,-3.045192717,-2.328396574,3.52799368,-0.99758605,-1.853281092,0
-1.181114587,-3.38656813,0.033670188,-1.276374136,-1.797120447,-3.558187479,0.507734748,5.036043587,-2.761551877,0.775822356,-2.454480527,8.249530923,2.14042424,1.165123526,-0.468471201,2.12107802,1.883504583,0.497234058,3.148921748,4.155921061,-1.452877483,2.016844387,4.761732294,0.699522496,0.471782463,-4.024795137,0.376657408,0.595071134,-2.243375757,0.628795254,-1.267546467,0.163985896,-5.491104423,3.788627206,1.065981629,3.896776809,2.549931323,-3.50687805,1.318589204,-0.809422581,0
-2.152572288,1.446779759,2.881417185,5.20155371,0.26954381,-2.439752826,-1.699986927,-0.825908549,1.771954672,-0.839236413,-5.168417042,-0.56501081,-0.260849025,-1.341168378,-2.677202726,-4.90429916,4.654577164,0.180294778,3.1867565,4.492745081,-3.170594859,0.288798531,-1.624004222,2.543581188,0.613077433,1.558744567,-4.050181006,1.509419889,-2.314484488,-1.227004081,-2.078731277,0.486033736,-2.311100476,1.602174721,1.634298847,-0.675561578,-0.013106029,-0.544285583,0.455751445,-2.897151476,0
0.257018199,-1.618435542,-0.746029419,3.02998622,-1.439607916,-2.475897462,-1.256827134,3.143873407,2.943597145,-2.972584122,-1.875346658,-1.014293103,2.598974989,1.61925011,-2.046426957,0.597625105,3.950938041,-0.993772991,-1.228508007,6.872387134,-1.000958088,0.17799701,2.076018258,-3.509489037,1.036344704,-2.132454465,-2.543449449,0.090143612,-0.249430806,1.064459423,-3.044236067,-0.098195453,-3.312805451,-0.103245445,-0.195678421,-2.108573983,1.587852981,-7.388305125,-1.579757615,-0.464162789,0
-3.720687814,-1.243265843,1.661033682,-1.043251416,2.876834546,0.338660334,-4.073884894,-0.277678304,-0.080575046,-0.938294625,-4.090024252,-2.318314474,1.076047877,-0.162944993,-5.923962454,-3.076242014,0.829955165,6.004421639,-4.738984995,0.119003113,-3.189159109,0.85603494,1.026494221,4.087564808,-1.231291773,2.387248158,-5.381469484,-2.29095993,0.2564475,2.51368432,3.689923859,6.971725383,5.276153916,-6.367095052,2.378392511,3.393136732,0.495538037,-3.613460496,0.207202318,1.441792826,0
-1.625678234,-4.873917303,1.263420591,-2.640144169,-0.56728813,-2.745320784,-2.392241989,3.433574507,-1.997914651,1.156900227,-5.238294198,4.906616139,3.028149071,1.604314007,-4.376353952,-1.911249021,1.173944444,4.786201696,-0.179371734,3.724830319,-4.809653369,3.588358825,4.800066016,2.995706005,0.542083886,-3.021698667,-0.757896895,-0.960341872,-3.314350717,1.278713257,1.446245556,4.300838215,-2.380480447,-0.782953648,3.215648808,6.358799681,2.143197377,-5.785905053,1.369155565,-0.345598262,0
2.69630634,4.385273884,10.9168757,-3.929288394,0.566761455,3.116003408,-1.070972559,-11.1163981,0.121385453,3.60400574,-2.48845388,-2.375372091,-1.805126417,-5.462984148,-0.78807569,-13.26357006,-5.493986706,3.642792818,3.137536668,-7.886850562,-7.81943278,0.079890827,-12.9343232,1.750966938,2.685370364,8.165217367,6.321506916,-2.12429194,-1.646846095,-5.715197352,5.008276438,-9.045422311,3.3333189,-0.890282301,3.807442421,5.883261532,-3.019155101,10.11193818,4.648449175,0.108405277,0
-1.779954824,0.568740675,1.768650524,4.659201201,0.095605846,-1.614985758,-2.35630705,-1.699922177,2.127633716,-0.075201428,-3.810062014,-2.051774734,1.220008682,-0.641317132,-4.476050943,-5.562792391,2.109052708,0.678626318,2.477341091,2.952902866,-4.331314681,1.174475678,-0.596836368,2.930494753,-0.462063628,1.653219983,-3.483605219,0.800162657,-2.318706492,0.171874544,-1.889556912,3.333109352,0.120544897,0.138409393,3.101886918,-1.324139739,-0.910303203,-0.679446699,0.081324896,-4.196572536,0
-4.627387587,-0.466317661,2.9166903,2.218535799,1.367741443,-1.996576248,-1.590207723,0.117697919,-1.090334983,1.35294235,-5.009964849,1.208826379,-0.273793829,-0.344616342,-2.125658542,-1.744555915,2.202411292,1.359557844,2.033844466,2.683333993,-0.785530124,-0.685642827,-1.304652346,3.500864077,-0.0907041,0.94026776,-2.796689847,0.768862348,-2.546006344,-1.558428144,1.280838168,2.32613614,-1.209645202,2.024268953,0.500330328,3.8214101,0.335149575,-0.207148969,2.15436214,-2.098235446,0
-1.682867966,-2.274604417,4.954608629,2.817611234,-1.673972549,-4.073242846,-2.343893817,1.789085408,-0.137825429,0.897085693,-5.483028984,2.574384901,2.120408329,-0.069165815,-3.320160241,-3.560870136,2.536085204,0.344576598,4.437175945,5.948623603,-5.423993991,0.849150691,-1.131375435,1.675877515,1.157293158,-0.606118069,-1.89109934,0.180466893,-2.655473564,0.199179763,0.246857785,1.283570383,-2.991695741,2.602372623,4.833007937,3.18687514,0.355282011,-4.711252272,1.178341429,-3.435749614,0
8.518945889,2.14484321,4.238307016,-3.196020238,-4.3476853,1.028078796,1.482495416,-5.320559775,3.180370129,0.416847162,4.35422325,0.117073262,5.201504142,-1.708276741,-0.741276522,-6.601121616,-7.213127291,-2.537106839,2.910472184,-4.36091818,-7.699278008,1.844217248,-4.916914372,-7.166504775,2.018504192,3.565544116,9.26760122,-2.874619435,-0.372764243,-1.983100608,-1.653677961,-9.833554832,-0.888386304,0.447335816,3.590947611,-1.531772746,-1.935364682,2.377584608,0.938001773,-1.754156765,0
-2.178946488,0.84381397,1.985837326,-1.406232121,-0.235052092,1.803413501,-0.592652433,-3.779510328,0.3311768,-0.363428271,1.718157664,0.389009004,0.863436861,-2.278615141,-1.872890517,-3.020818201,-1.963074208,1.550317471,0.546993468,-1.280127812,-1.084284373,-1.16799313,-4.189625221,-2.295320427,-0.60587783,1.827038595,0.449104532,-0.746807817,2.526123197,0.824609938,-2.22099417,-5.645142834,2.56099567,0.688257906,-0.29856065,0.565689418,0.780034002,3.877086016,2.310250402,0.018947233,0
1.150048003,-0.497292413,-0.133081006,1.955084653,-2.270880666,-0.496047876,-1.085564225,-0.627802469,1.653958605,-1.497991606,-0.090877288,0.510482668,0.412529291,-1.256945371,-2.13653346,-4.467762087,2.340307573,0.782380255,2.710867068,3.079414572,-4.193839943,2.294286808,0.601769708,0.106884911,0.187612164,-1.817786345,-1.71164852,1.085285063,1.080075773,3.066674759,-5.009494511,-1.719340965,-0.290790823,0.37393458,3.412356718,-3.528830266,0.589618232,-0.335458054,-1.112103708,-1.528713391,0
-2.880058741,3.009882238,0.815209417,-1.817559041,2.435515244,2.743980696,-2.193965926,-4.207346946,1.619028304,-3.202623821,1.413073082,-1.43446505,2.807435531,-2.928801206,-6.371099333,-4.396154689,-2.061091937,4.555944798,-4.200749202,-4.117972271,-3.296931512,-0.011830933,-0.988688447,-0.154805988,-2.77278208,6.111715455,-4.130099123,-3.14225842,3.631878569,3.197261878,-0.977369121,0.076592268,7.484133043,-6.090668185,0.506500956,-1.005317105,0.667650493,2.504883108,0.965930143,1.561092465,0
4.442851911,4.928122391,4.535332705,0.396641007,-0.547241143,1.581156444,0.174288243,-7.558015763,3.469716493,-0.147618017,-0.864838129,-2.991365919,-0.031794977,-3.444340731,-0.916762013,-10.00624769,-1.508487232,0.346378976,2.206831304,-3.53236537,-5.840496867,1.318092634,-6.29632263,-1.001938513,2.029504059,5.431703358,3.684494651,-0.427908113,-1.833604379,-4.268597993,-1.444913542,-7.377467526,-0.445305454,-0.553895633,1.275928354,-1.547459658,-1.935145089,6.206075672,1.227295781,-1.056579358,0
-0.535802866,0.228449921,2.607224869,-0.388657213,-1.121322234,-1.344847771,1.017883247,3.027869042,-2.715457102,-0.431472209,2.05760047,4.591535914,-0.507492481,-1.427944684,2.357385944,4.063631948,-0.097257472,-2.45309758,2.985486487,0.022887734,0.566843599,-2.171664845,-1.642478283,-0.747295332,-0.466696879,0.35415887,-1.088945365,-0.675067125,3.633775199,2.658469527,1.565740895,-1.744064655,0.968102215,1.884502147,2.352310353,0.377162633,0.281878855,-0.764228297,-0.100717807,1.056788921,0
-0.037022871,2.506021395,3.0259106,-0.864852341,-0.827256831,-1.75334265,0.286343149,-0.123230051,1.607557436,-3.758328822,-1.281255337,5.346269268,4.134644369,-2.38899336,-3.038454611,-3.002395051,1.767082413,0.848548223,0.565758122,1.933330524,-4.095906754,0.456353802,-0.366311553,-4.298959355,0.786604786,3.142896665,-0.655769667,-1.710991539,0.357444204,-0.772757635,-3.715512853,-7.673349895,-3.410602915,0.53636037,-0.898343458,0.714722739,2.842075633,-0.854306232,1.961327195,1.187508822,0
7.200358816,0.287334492,4.469538417,-7.663124989,-0.98959364,-0.143749023,1.930464205,0.045274169,-2.257693351,2.552537461,0.669165173,3.923739615,2.732086916,0.208635353,2.032966286,-0.401278054,-6.731477175,0.11310813,-0.61880211,-6.955359415,-4.498568256,1.986061019,-0.547493655,-1.296929764,2.203430781,3.055375262,8.637415281,-4.082526576,-2.62637501,-3.535664871,7.724752039,-2.021477027,-1.221609127,-2.275057726,2.627881862,6.229237759,-1.489060243,-0.665382302,1.179123718,2.654942427,0
2.945671573,2.487921462,2.882873329,-0.647351524,-0.710436337,1.389569223,-0.097091246,-5.636438406,2.742953939,0.0465417,-0.506817813,-2.203966053,0.842822619,-1.918281394,-1.218091944,-7.285194165,-1.659673353,0.892844795,0.784760862,-1.950987121,-4.091031797,1.0891092,-4.405879598,-2.034444793,1.690202724,3.008630673,3.646635916,-0.513805178,-1.535843677,-3.244204805,-1.618142774,-6.339250411,-0.804236213,-0.200087936,0.139999118,-0.246036587,-0.798638562,3.881505979,1.441316727,-0.662370669,0
2.77505918,2.355350315,4.416921996,-3.675444354,1.185015943,1.938927584,-0.097259517,-4.924412482,0.746019439,2.009931345,0.76851839,-3.168320546,2.590103618,-0.628585693,-1.261586421,-3.290813976,-7.144373273,0.399226407,-2.239441706,-7.133804548,-2.980510256,-0.699494126,-4.938093929,-1.507985701,0.432536878,6.54020277,5.25903515,-3.720776325,-1.593327962,-3.792939088,6.010092318,-1.008233646,3.320350398,-3.231189637,0.758202012,3.552858067,-2.716827442,2.316298048,1.915941506,0.151946509,0
-0.129428436,-0.554548724,1.875176777,-1.211018134,-0.861328733,-2.470206315,1.442083725,3.546531859,-2.540846088,-0.29683041,-2.613449504,6.793828696,-1.537133042,-0.705772401,3.002963031,1.755818143,3.806695629,-0.000969933,2.651175402,3.015724988,0.481235747,0.19735858,0.77978523,0.152311266,1.97417581,-2.29974419,0.378456401,1.054863254,-0.765702839,-1.452625398,-0.150506982,-4.444061268,-5.710370121,3.540529868,-0.907460993,3.366171277,2.39950488,-0.844663316,1.15423988,2.199582759,0
-1.135042622,-0.468293733,-2.027083485,-1.104616325,-0.830345308,1.316719588,1.116832913,-2.088296082,-0.172728161,1.215988405,2.603258042,1.404582485,0.921737076,0.014865094,-0.001034743,-0.148055059,-2.404421158,-0.247287427,1.380215318,-1.066415194,1.437736068,0.085247296,-0.103858422,-1.921382222,-0.778055141,-1.364760079,2.825473974,0.894412639,-0.074325284,-0.484552858,-3.633487518,-3.577329809,-0.720269781,3.108400352,-2.222029227,-0.239655192,0.629188997,4.186345114,1.816542117,-1.612200785,1
-1.114728175,0.466030808,0.049302046,-4.618469737,2.153329624,0.846230263,-1.887342403,-1.407071881,0.18522688,-1.830469731,-2.329290941,2.564014263,3.962450652,-0.934032263,-6.582557556,-4.713896819,-1.123874338,6.87688212,-4.682399283,-2.910006256,-5.175724609,3.542595283,4.206500812,1.866607683,-1.207307738,3.30082584,-1.636688787,-3.092392817,-1.118022594,0.933952296,0.408166928,2.141292777,2.352630186,-5.988587564,0.36717641,3.47529349,1.952800676,-0.384196015,1.570917175,2.210501008,0
,-3.961403482,2.787803865,-4.712526429,-3.007328759,-1.541244808,-0.881147709,1.476656377,0.574699891,-1.100883956,-1.847499613,4.540851184,4.489898542,0.709830126,-2.137588035,-2.025605504,0.135720455,2.791921669,-1.166850922,4.870138241,-3.923793101,1.492617517,-0.173071194,-6.470501821,3.008427745,-3.133608212,3.956270788,-1.898191285,-0.642023805,-0.537602165,-1.875548342,-8.326068968,-5.140552106,1.121313988,-0.305907217,5.315006918,3.750043753,-5.631174244,2.372485314,2.195956434,0
-0.272649989,7.561893597,1.876453985,-0.180688078,3.807241743,-0.693921111,0.570449405,0.338881776,-0.00432057,-5.176579049,-1.500572594,4.33928882,1.10949507,-4.178380142,-2.975095443,-1.6542657,2.507073609,1.99279903,-2.076929625,-5.015297967,-3.490189352,0.80079915,2.889565802,3.577180349,-2.071198781,9.154989655,-6.564684308,-2.79143053,1.457850633,0.669174326,1.480064058,2.023128158,2.766269196,-6.059100818,0.441509628,-1.59389129,0.633725543,1.953053254,-0.590628057,3.53036109,0
-0.415114875,3.162234988,-0.226844903,0.767176217,1.350041004,-2.532402424,0.978973187,4.167639005,-1.541022537,-3.745761442,-2.565179516,6.994888023,-0.788229804,-2.230520968,-0.26038065,0.825513488,5.774179149,1.150036609,0.941834516,0.677382869,-1.63876929,1.843433215,5.426228805,3.949150418,-0.690031232,1.761905191,-5.789472847,0.177769714,0.472227891,1.570994688,-1.079564613,1.61658037,-2.091017921,-1.481405553,0.635945388,-1.107680083,2.082947139,-0.626343403,-1.170558629,2.648509077,0
0.211991673,-0.980584966,0.037389225,0.079735513,-0.200911018,-1.136338202,-0.782518779,3.079379278,-1.889730459,-0.718654434,-1.164819759,2.624258556,-1.576983716,-0.631855087,-0.14460082,0.280317989,2.664377101,1.508627095,1.045178865,0.985069986,-2.002558997,1.72281161,2.973061311,4.122996616,-0.448511378,-1.480573509,-3.557284628,0.241778141,1.364362708,3.724786451,0.924390813,4.08635809,1.298505142,-1.758720781,3.940617672,-0.389480965,0.356594498,-2.108880665,-1.810269822,1.148069148,0
0.489062931,3.1256739,-1.343560264,-0.507542049,-0.089378848,-0.124553657,2.575123754,3.28982266,-2.26693875,-3.575803364,3.435991392,6.188977922,-2.678182878,-2.907335815,3.596096761,4.248555664,3.219392691,-1.389096704,1.579789688,-1.374903668,2.037721164,-0.61607629,2.2188688,0.349628571,-1.114861642,0.28583685,-3.550408383,0.485987995,5.253031773,3.685814172,-2.204656011,-3.103823278,0.574033688,0.117226495,-0.189056658,-3.790009242,1.689171945,2.351159964,-1.722390313,3.914891898,0
-2.304485274,-1.241359537,3.044126261,1.365000261,0.630009681,-1.549866689,-2.383055544,-0.913141398,0.911404044,1.206592405,-4.464811636,-1.579556525,2.28088715,0.749150663,-3.893814087,-3.289671487,-0.014740197,1.534288715,-0.036973727,2.400029123,-2.878845134,0.07449109,-1.468546009,1.065052164,0.430812062,1.440754404,-0.765081436,-0.724799743,-3.217776656,-1.779596348,1.771606281,2.554739183,-0.603979455,-0.077515554,1.261104135,3.563140161,-0.31216451,-2.723385758,1.671865504,-2.482553105,0
4.76086946,3.72495055,6.163537803,-2.414694626,-1.08600738,3.336647203,-0.908945325,-8.393050793,1.625528087,0.544109094,1.506683726,-2.955843676,-0.993093787,-4.785406718,-1.190004358,-10.76251469,-4.112468513,2.259005434,2.185323108,-6.302812782,-7.6986855,1.362254453,-8.236002209,0.23304429,1.231767253,5.480655756,3.531757858,-1.809607914,1.9350731,-0.208235168,0.824287167,-6.741237749,5.135564925,-2.960851251,5.362561129,-0.875622811,-2.584271478,7.043126984,0.84918209,0.405390388,0
-2.185987712,0.188276186,1.17681146,-3.749163298,1.492823721,3.187708342,-1.247374251,-2.928236046,-1.136627115,0.015363337,2.526820429,-1.293474993,-0.095721979,-1.614114587,-1.724607406,-0.776270736,-3.652570362,3.266871811,-3.042209026,-4.473184689,0.016865302,-1.302971112,-2.902877706,-0.0568077,-1.59170431,2.518009219,-0.536125012,-2.246847179,3.885405307,2.517771944,2.259114234,-0.525638549,6.871232252,-3.529291619,0.473047073,1.757950189,-0.007763472,2.732868888,1.197544339,2.351924449,0
2.830747973,2.047277143,6.622771302,1.668615012,-1.532295785,-0.840926961,-1.964683992,-4.841051117,2.120111739,0.664022788,-3.456439962,-1.105927954,1.049731373,-3.033786845,-3.494135664,-10.66165873,-0.35883543,1.275160036,4.528880951,-0.214307597,-9.290926747,2.283905141,-5.129414178,1.933046488,1.615322176,3.964863182,0.86651744,-0.642315097,-2.089178549,-1.157046945,-0.125389552,-2.564040286,0.311923366,-0.440016511,6.392572898,0.213970274,-1.941221985,1.847822957,0.897813381,-2.995480796,0